Timestamp,Email,Age Group,Category,Budget,Interests
2026-05-19 09:11:48,gsalunke038@gmail.com,18-24,fruits,low,fruits
2026-05-19 09:11:57,gsalunke038@gmail.com,18-24,fruits,low,fruits
2026-05-19 09:12:06,gsalunke038@gmail.com,18-24,fruits,low,fruits
2026-05-19 09:12:17,gsalunke038@gmail.com,18-24,fruits,low,fruits
2026-05-19 09:14:09,gauravsalunkee@gmail.com,18-24,fruits,low,fruits
2026-05-19 12:44:02,gaurav@gmail.com,18-24,dairy,medium,farm eggs
2026-05-19 12:44:10,gaurav@gmail.com,18-24,dairy,medium,farm eggs
2026-05-21 13:44:14,gssss@gmail.com,18-24,snacks,medium,Maggie
2026-05-21 13:44:16,gssss@gmail.com,18-24,snacks,medium,Maggie
2026-05-21 13:44:26,gssss@gmail.com,18-24,snacks,medium,Maggie
2026-05-21 13:44:42,gssss@gmail.com,18-24,snacks,medium,Maggie
2026-05-21 13:45:15,gssss@gmail.com,18-24,snacks,medium,Maggie
2026-05-21 13:49:09,apura@gmail.com,18-24,fruits,low,noodles
2026-05-21 13:49:17,apura@gmail.com,18-24,fruits,low,noodles
2026-05-21 13:49:24,apura@gmail.com,18-24,fruits,low,noodles
2026-05-21 13:49:50,apura@gmail.com,18-24,fruits,low,noodles
2026-05-21 13:50:05,apura@gmail.com,18-24,fruits,low,noodles
2026-05-21 13:55:32,susru@gmail.com,18-24,fruits,low,chinese
2026-05-21 13:55:37,susru@gmail.com,18-24,fruits,low,chinese
2026-05-21 13:55:42,susru@gmail.com,18-24,fruits,low,chinese
2026-05-21 13:57:52,g@gmail.com,18-24,fruits,low,chinese
2026-05-21 13:57:53,g@gmail.com,18-24,fruits,low,chinese
2026-05-21 14:00:46,gauravvv@gmail.com,18-24,fruits,low,shop
2026-05-21 14:00:51,gauravvv@gmail.com,18-24,fruits,low,shop
2026-05-21 14:03:06,gsal@gmail.com,18-24,fruits,low,shop
2026-05-21 14:03:21,gsal@gmail.com,18-24,fruits,low,shop
2026-05-21 14:03:27,gsal@gmail.com,18-24,fruits,low,shop
2026-05-21 14:06:24,hi@gmail.com,18-24,fruits,low,
2026-05-21 14:06:26,hi@gmail.com,18-24,fruits,low,
2026-05-21 14:09:08,hi@gmail.com,18-24,fruits,low,
2026-05-21 14:09:13,hi@gmail.com,18-24,fruits,low,
2026-05-21 14:09:17,hi@gmail.com,18-24,fruits,low,
2026-05-21 14:09:58,hi@gmail.com,18-24,fruits,low,
2026-05-21 14:09:59,hi@gmail.com,18-24,fruits,low,
2026-05-21 14:10:00,hi@gmail.com,18-24,fruits,low,
2026-05-21 14:10:02,hi@gmail.com,18-24,fruits,low,
2026-05-21 14:10:06,hi@gmail.com,18-24,fruits,low,
2026-05-21 14:10:10,hi@gmail.com,18-24,fruits,low,
2026-05-21 14:10:11,hi@gmail.com,18-24,fruits,low,
2026-05-21 14:10:12,hi@gmail.com,18-24,fruits,low,
2026-05-21 14:10:12,hi@gmail.com,18-24,fruits,low,
2026-05-21 14:10:12,hi@gmail.com,18-24,fruits,low,
2026-05-21 14:10:13,hi@gmail.com,18-24,fruits,low,
2026-05-21 14:10:13,hi@gmail.com,18-24,fruits,low,
2026-05-21 14:10:13,hi@gmail.com,18-24,fruits,low,
2026-05-21 14:10:13,hi@gmail.com,18-24,fruits,low,
2026-05-21 14:10:13,hi@gmail.com,18-24,fruits,low,
2026-05-21 14:10:14,hi@gmail.com,18-24,fruits,low,
2026-05-21 14:10:14,hi@gmail.com,18-24,fruits,low,
2026-05-21 14:10:14,hi@gmail.com,18-24,fruits,low,
2026-05-21 14:10:14,hi@gmail.com,18-24,fruits,low,
2026-05-21 14:10:14,hi@gmail.com,18-24,fruits,low,
2026-05-21 14:10:15,hi@gmail.com,18-24,fruits,low,
2026-05-21 14:10:15,hi@gmail.com,18-24,fruits,low,
2026-05-21 14:10:18,hi@gmail.com,18-24,fruits,low,
2026-05-21 14:15:48,hi@gmail.com,18-24,fruits,low,
2026-05-21 14:15:50,hi@gmail.com,18-24,fruits,low,
2026-05-21 14:15:51,hi@gmail.com,18-24,fruits,low,
2026-05-21 14:15:57,hi@gmail.com,18-24,fruits,low,
2026-05-21 14:15:58,hi@gmail.com,18-24,fruits,low,
2026-05-21 14:15:59,hi@gmail.com,18-24,fruits,low,
2026-05-21 14:16:00,hi@gmail.com,18-24,fruits,low,
2026-05-21 14:16:09,hi@gmail.com,18-24,fruits,low,
2026-05-21 14:16:13,hi@gmail.com,18-24,fruits,low,
2026-05-21 14:16:22,hi@gmail.com,18-24,fruits,low,
2026-05-21 14:16:26,hi@gmail.com,18-24,fruits,low,
2026-05-21 14:16:51,hi@gmail.com,18-24,fruits,low,
2026-05-21 14:16:56,hi@gmail.com,18-24,fruits,low,
2026-05-21 14:17:54,hi@gmail.com,18-24,dairy,low,shop
2026-05-21 14:17:55,hi@gmail.com,18-24,dairy,low,shop
2026-05-21 14:17:56,hi@gmail.com,18-24,dairy,low,shop
2026-05-21 14:34:57,g@gmail.com,18-24,fruits,low,
2026-05-21 14:34:57,g@gmail.com,18-24,fruits,low,
2026-05-21 14:34:58,g@gmail.com,18-24,fruits,low,
2026-05-21 14:34:58,g@gmail.com,18-24,fruits,low,
2026-05-21 14:34:59,g@gmail.com,18-24,fruits,low,
2026-05-21 14:35:00,g@gmail.com,18-24,fruits,low,
2026-05-21 14:35:02,g@gmail.com,18-24,fruits,low,
2026-05-21 14:35:03,g@gmail.com,18-24,fruits,low,
2026-05-21 14:35:03,g@gmail.com,18-24,fruits,low,
2026-05-21 14:35:03,g@gmail.com,18-24,fruits,low,
2026-05-21 14:35:03,g@gmail.com,18-24,fruits,low,
2026-05-21 14:35:03,g@gmail.com,18-24,fruits,low,
2026-05-21 14:35:04,g@gmail.com,18-24,fruits,low,
2026-05-21 14:35:04,g@gmail.com,18-24,fruits,low,
2026-05-21 14:35:10,g@gmail.com,18-24,fruits,low,
2026-05-21 14:35:42,g@gmail.com,18-24,fruits,low,
2026-05-21 14:38:17,hi@gmail.com,18-24,fruits,low,
2026-05-21 14:38:27,hi@gmail.com,18-24,fruits,low,
2026-05-21 14:38:32,hi@gmail.com,18-24,fruits,low,
2026-05-21 14:38:33,hi@gmail.com,18-24,fruits,low,
2026-05-21 14:38:39,hi@gmail.com,18-24,fruits,low,
2026-05-21 14:38:48,hi@gmail.com,18-24,fruits,low,
2026-05-21 14:39:04,hi@gmail.com,18-24,fruits,low,
2026-05-21 14:39:28,hi@gmail.com,18-24,fruits,low,
2026-05-21 14:41:41,hi@gmail.com,18-24,fruits,low,
2026-05-21 14:41:46,hi@gmail.com,18-24,fruits,low,
2026-05-21 14:46:30,hi@gmail.com,18-24,fruits,low,
2026-05-21 14:46:34,hi@gmail.com,18-24,fruits,low,
2026-05-21 14:46:36,hi@gmail.com,18-24,fruits,low,
2026-05-21 14:46:58,hi@gmail.com,18-24,fruits,low,
2026-05-21 14:47:01,hi@gmail.com,18-24,fruits,low,
